CpG_name,Genomic_location,Chromosome,Chromosomal_position,Gene_name,Associated.phenotype,Model.coefficient,Pearson.correlation,P.value,BH.adjusted.P.value,Bonferroni.corrected.P.value,Previous.studies
cg17944885,chr19:12225735,19,12225735,,baseline eGFR,-5.156138890210883,-0.2738169466810795,1.405021362643695e-20,6.11055030784644e-15,6.11055030784644e-15,Breeze et al. (AA); Breeze et al. (Trans); Chu et al. (ARIC); Chu et al. (FHS); Schlosser et al.; Sheng et al.
cg25364972,chr2:217075573,2,217075573,,baseline eGFR,-6.302875579848578,-0.32365518645478536,4.364629702245665e-11,9.491061872721288e-06,1.8982123745442576e-05,Chu et al. (FHS)
cg06449934,chr7:1130697,7,1130697,GPER;C7orf50;GPER;C7orf50;C7orf50;GPER,baseline eGFR,3.6794953624961915,0.19570796484533717,9.695277042429174e-11,1.4055178493229291e-05,4.2165535479687874e-05,
cg02304370,chr11:587926,11,587926,PHRF1,baseline eGFR,3.6621057211590395,0.19476712091925444,1.3734118858838138e-10,1.4932695411648942e-05,5.973078164659577e-05,Chu et al. (FHS); Schlosser et al.
cg21919729,chr8:11719367,8,11719367,CTSB;CTSB;CTSB;CTSB;CTSB,baseline eGFR,3.3679648612756594,0.17949497191680502,4.2817332741499454e-10,3.724320109588009e-05,0.00018621600547940044,
cg04610187,chr17:76360794,17,76360794,,baseline eGFR,3.7664293025086937,0.19987926167021863,5.828325175877964e-10,4.224642075984556e-05,0.00025347852455907333,
cg04983687,chr16:88558223,16,88558223,ZFPM1,baseline eGFR,3.3716447138460586,0.17953490031165495,1.2908200107649625e-09,8.019827846310976e-05,0.0005613879492417683,Breeze et al. (Trans)
cg27254661,chr2:73118624,2,73118624,SPR,baseline eGFR,3.696777262547007,0.19611371306990186,2.4739283185926514e-09,0.00011985763334522831,0.0010759312171824927,
cg18593194,chr19:36205201,19,36205201,ZBTB32,baseline eGFR,3.697297369465933,0.196124426591146,2.7547444427089825e-09,0.00011985763334522831,0.0011980603960896781,
cg12065228,chr1:19652788,1,19652788,PQLC2;PQLC2;PQLC2,baseline eGFR,3.721378342804699,0.19735214984852104,2.755930756510074e-09,0.00011985763334522831,0.0011985763334522832,Chu et al. (FHS); Schlosser et al.
cg08940169,chr16:88540241,16,88540241,ZFPM1,baseline eGFR,3.2599898853304863,0.1736181587278168,4.160248076532443e-09,0.00015080228243152008,0.0018093251704685716,
cg19434937,chr12:7104184,12,7104184,LPCAT3,baseline eGFR,3.206398345174714,0.17084798319950392,4.160942979154766e-09,0.00015080228243152008,0.001809627389178241,
cg11699125,chr1:6341327,1,6341327,ACOT7;ACOT7;ACOT7;ACOT7,baseline eGFR,3.14418734944846,0.1675696377565229,6.548522618525427e-09,0.00020572916415933823,0.002848004874977656,
cg17988187,chr2:74612222,2,74612222,LOC100189589,baseline eGFR,3.131449026779147,0.16690417348481543,6.841121044915022e-09,0.00020572916415933823,0.0029752582714019024,
cg09823543,chr6:43146056,6,43146056,SRF,baseline eGFR,3.5573935729078103,0.1888388719725903,7.095609789633839e-09,0.00020572916415933823,0.0030859374623900737,
cg02475695,chr16:616220,16,616220,NHLRC4,baseline eGFR,3.378416138150232,0.17964271625055847,7.633383589809353e-09,0.00020748872439230038,0.003319819590276806,
cg06972908,chr16:30488321,16,30488321,ITGAL;ITGAL,baseline eGFR,4.343790882218096,0.22856354600441614,8.354741600386945e-09,0.00020791213251446537,0.0036335439599410853,
cg11544657,chr1:9968130,1,9968130,CTNNBIP1;CTNNBIP1,baseline eGFR,-4.429557751969258,-0.23282899250640562,8.605080580859346e-09,0.00020791213251446537,0.0037424183852603765,Schlosser et al.
cg23845009,chr11:34323678,11,34323678,ABTB2,baseline eGFR,4.360280652339215,0.22934106536540375,1.0873149204384026e-08,0.00024888524074632886,0.004728819574180248,Breeze et al. (Trans); Schlosser et al.
cg09610644,chr3:197249274,3,197249274,BDH1;BDH1;BDH1,baseline eGFR,-3.4686234226562673,-0.18420946126527066,1.2565350521662351e-08,0.00027281376314025857,0.00546477146467513,Breeze et al. (AA); Breeze et al. (Trans); Schlosser et al.
cg12981272,chr3:37281848,3,37281848,,baseline eGFR,5.0629747623254335,0.2638519485626452,1.3623531544199122e-08,0.00027281376314025857,0.005924982856824552,
cg12077754,chr2:75089669,2,75089669,HK2,baseline eGFR,3.114495676808882,0.1659373597109239,1.3800396380580923e-08,0.00027281376314025857,0.006001902789085688,
cg10142874,chr2:11917623,2,11917623,LPIN1,baseline eGFR,3.073937243627139,0.16379773048147495,1.8611295121328915e-08,0.00035192178863595287,0.008094201138626916,
cg00934987,chr17:56605468,17,56605468,SEPT4;SEPT4;SEPT4,baseline eGFR,3.5397412185599277,0.18774744587044379,2.6832493105170946e-08,0.0004670763998216783,0.011669665911383686,
cg22753611,chr6:17472892,6,17472892,CAP2,baseline eGFR,-3.284103698330407,-0.17461737413228723,2.6849149694974468e-08,0.0004670763998216783,0.011676909995541955,
cg04816311,chr7:1066650,7,1066650,C7orf50;C7orf50;C7orf50,baseline eGFR,4.226190501266936,0.22248260930928837,2.883806870493721e-08,0.0004823810301664166,0.012541906784326831,Breeze et al. (AA); Breeze et al. (Trans)
cg04497992,chr16:616212,16,616212,NHLRC4,baseline eGFR,3.0530523039068562,0.16265105053789763,3.11388374997883e-08,0.0004887806188876676,0.01354252953935793,
cg09249800,chr1:6341287,1,6341287,ACOT7;ACOT7;ACOT7;ACOT7,baseline eGFR,3.041559855183083,0.16205360923536702,3.1468396370852446e-08,0.0004887806188876676,0.013685857328854696,
cg01676795,chr7:75586348,7,75586348,POR,baseline eGFR,4.177778313400458,0.22003003502488244,3.4268709072236535e-08,0.0005139219215582155,0.014903735725188248,Breeze et al. (Trans)
cg25854298,chr10:73936754,10,73936754,ASCC1,baseline eGFR,2.9519521025402664,0.15737719116252247,3.789753890287819e-08,0.0005493980949724316,0.01648194284917295,
cg10489463,chr2:33546572,2,33546572,LTBP1;LTBP1;LTBP1;LTBP1;LTBP1,baseline eGFR,3.1901635627043348,0.16971538742491007,4.066140460341782e-08,0.0005704506501052658,0.017683970153263236,
cg23516680,chr10:103923333,10,103923333,NOLC1,baseline eGFR,3.1051142362500017,0.16529307000220303,4.889729899082234e-08,0.0006645570784218925,0.021265826509500565,
cg02170785,chr14:69650830,14,69650830,,baseline eGFR,3.0117652226776324,0.1604408401198802,5.4377319210505505e-08,0.0007151718386475647,0.023649131143202527,
cg19448292,chr20:35504064,20,35504064,C20orf118,baseline eGFR,3.176968599898873,0.16899292052843,5.591031324789886e-08,0.0007151718386475647,0.024315842514017198,
cg01499988,chr9:35755346,9,35755346,MSMP,baseline eGFR,2.9796044304803893,0.15875595213963087,6.163775903381962e-08,0.0007659072715965835,0.02680675450588042,
cg25087851,chr11:60623918,11,60623918,GPR44,baseline eGFR,2.9931957120444848,0.15944726529466346,6.949594846005129e-08,0.0008395651098017775,0.030224343952863986,
cg22406869,chr11:66276941,11,66276941,DPP3;BBS1;DPP3,baseline eGFR,4.238945589552477,0.22296060697723616,7.629186529414436e-08,0.0008967552040904253,0.03317994255134574,
cg18650626,chr7:1914073,7,1914073,MAD1L1;MAD1L1;MAD1L1,baseline eGFR,2.885979183551637,0.15384478677420826,8.893937949205721e-08,0.0010179065172666215,0.03868044765613162,
cg00506299,chr3:16469127,3,16469127,RFTN1,baseline eGFR,3.3728497424488824,0.17902154525433286,9.143507528167913e-08,0.0010196370697590899,0.03976584572060451,
cg16809457,chr6:90399677,6,90399677,MDN1,baseline eGFR,3.693555544817162,0.1953885940315666,1.1412406801963322e-07,0.001207925664193269,0.04963347017428264,
cg00944309,chr5:60142446,5,60142446,,baseline eGFR,3.136387336078624,0.16680265977262357,1.1627671776104969e-07,0.001207925664193269,0.0505696747680226,
cg07573872,chr19:1126342,19,1126342,SBNO2;SBNO2,baseline eGFR,2.880355012981414,0.15352052645241182,1.1665197673098058e-07,0.001207925664193269,0.0507328778961173,
cg10065736,chr12:117440120,12,117440120,FBXW8;FBXW8,baseline eGFR,3.07454643245549,0.1635689000329756,1.5288241257322784e-07,0.0015462740531952878,0.06648978428739738,
cg17374802,chr17:56270828,17,56270828,EPX,baseline eGFR,2.8745415694421954,0.15317585008314386,1.6775130938615508e-07,0.0016547302677048811,0.07295638646251393,
cg02941852,chr7:105030168,7,105030168,SRPK2,baseline eGFR,2.8544675844823444,0.15212865599110398,1.7121520424255166e-07,0.0016547302677048811,0.07446286204671966,
cg10704177,chr1:62209607,1,62209607,INADL,baseline eGFR,2.950994972645778,0.15713907378915246,1.8468402308938714e-07,0.0017460991111686779,0.08032055911375918,
cg00741986,chr4:2748332,4,2748332,TNIP2;TNIP2,baseline eGFR,4.303729330938615,0.22603419984957848,2.006940593418868e-07,0.0018570947225587512,0.08728345196026131,
cg21220721,chr1:6341230,1,6341230,ACOT7;ACOT7;ACOT7;ACOT7,baseline eGFR,2.894269484921547,0.15417111225148777,2.190000253500708e-07,0.0019842679796864293,0.0952448630249486,
cg02970679,chr17:56269818,17,56269818,EPX,baseline eGFR,2.9211097608585024,0.1555639534429864,2.2358352811544597e-07,0.001984454388686375,0.09723826504563238,
cg27469152,chr17:56282313,17,56282313,EPX,baseline eGFR,2.9263484355439977,0.15583217530456994,2.313045335305915e-07,0.00201192384137445,0.10059619206872249,
cg01998785,chr16:55542709,16,55542709,LPCAT2,baseline eGFR,2.844671146691848,0.1515774260098307,2.4514399968049387e-07,0.0020904918943734163,0.10661508661304422,
cg08773180,chr11:57157607,11,57157607,PRG2,baseline eGFR,2.8012228938310244,0.14930860896647186,2.5782501957723174e-07,0.002120846174031245,0.1121301636142947,
cg21745599,chr19:15755338,19,15755338,CYP4F3,baseline eGFR,-3.3451544745751374,-0.1774597255541186,2.584566097281632e-07,0.002120846174031245,0.112404847223656,Chu et al. (ARIC)
cg03329755,chr6:167189272,6,167189272,RPS6KA2,baseline eGFR,2.759178446154439,0.1471075169004772,2.793698293378901e-07,0.002250003217364502,0.1215001737376831,
cg14123882,chr2:365531,2,365531,,baseline eGFR,-3.2475057029961434,-0.17241993386879698,2.9206257235792187e-07,0.002267272515935661,0.1270203492190391,
cg12054453,chr17:57915717,17,57915717,TMEM49,baseline eGFR,2.8710136849801406,0.15292780253330093,2.929583278963878e-07,0.002267272515935661,0.1274099204687622,
cg06558622,chr7:149543177,7,149543177,ZNF862,baseline eGFR,2.7709092341275134,0.1477124354777807,2.971537277040953e-07,0.002267272515935661,0.12923453340833269,
cg02930951,chr20:48806066,20,48806066,CEBPB,baseline eGFR,3.0162464071377157,0.16046381026606932,3.064694311018596e-07,0.002298034609338751,0.13328600734164756,
cg26829395,chr15:40217855,15,40217855,,baseline eGFR,3.3527005225694206,0.17781543999854482,3.285303456774392e-07,0.0023997747900040846,0.14288047557788372,
cg09786420,chr1:154583389,1,154583389,ADAR,baseline eGFR,-3.3700896514519068,-0.17870728644565942,3.31073439440629e-07,0.0023997747900040846,0.14398648740024508,
cg06391412,chr3:71295684,3,71295684,FOXP1;FOXP1,baseline eGFR,2.9847897706839945,0.15881072636675322,3.683999045788906e-07,0.0026265584541081337,0.16022006570059616,
cg06070625,chr3:69812798,3,69812798,MITF;MITF,baseline eGFR,2.95191395725311,0.15710085532809873,3.8126916734743345e-07,0.0026744679198828646,0.16581701103273758,
cg01885635,chr3:40566085,3,40566085,ZNF621;ZNF621,baseline eGFR,2.9382653161115666,0.15638971257020529,3.89664935985351e-07,0.002689974571103445,0.16946839797951704,
cg27366532,chr16:3843012,16,3843012,CREBBP;CREBBP,baseline eGFR,3.1469547284688284,0.16719120955290198,4.072787060573031e-07,0.0027676369920932747,0.17712876749396958,
cg26608667,chr7:1196370,7,1196370,ZFAND2A,baseline eGFR,3.446360025560758,0.18258781266772453,4.1388718092285383e-07,0.0027692745550891773,0.1800028460807965,
cg04321303,chr7:44107504,7,44107504,,baseline eGFR,2.707855014521138,0.1443839285031247,4.2108053766596404e-07,0.0027747165829580165,0.18313129447522908,
cg22065514,chr3:48602040,3,48602040,COL7A1;UCN2,baseline eGFR,2.877619083489699,0.15322719444726812,4.292499845406651e-07,0.002786332123531516,0.1866842522766116,
cg16936953,chr17:57915665,17,57915665,TMEM49,baseline eGFR,3.1394484983059123,0.1667917479837704,4.4742352478700795e-07,0.0028615892693833536,0.19458807031806805,
cg13835688,chr9:130859454,9,130859454,SLC25A25;SLC25A25;SLC25A25;SLC25A25,baseline eGFR,2.752095147275549,0.14668344613015907,4.567713777167866e-07,0.0028790366136239452,0.19865352634005223,
cg25939647,chr15:40173065,15,40173065,GPR176,baseline eGFR,3.397509100905297,0.1800641501418026,4.804003426535756e-07,0.0029758683191356203,0.20892995222278124,
cg07214715,chr2:86114883,2,86114883,ST3GAL5,baseline eGFR,-2.904483059230059,-0.15460879446196804,4.873637091151154e-07,0.0029758683191356203,0.21195837600383663,
cg09650731,chr16:46823623,16,46823623,,baseline eGFR,2.9241367630748165,0.15562731781796696,4.97473577016922e-07,0.0029758683191356203,0.2163552384332755,
cg07908654,chr13:41631052,13,41631052,,baseline eGFR,2.814763804417898,0.14993920025228638,4.995042337618538e-07,0.0029758683191356203,0.21723838729690031,
cg15467116,chr1:153332972,1,153332972,S100A9,baseline eGFR,-2.8740539296718213,-0.15302140776351922,5.12201363988223e-07,0.0030102766325593253,0.22276047080939007,
cg18307978,chr7:30953124,7,30953124,AQP1,baseline eGFR,3.738883092858493,0.19746046503396472,5.566600148818554e-07,0.00322794525002984,0.24209589375223797,
cg18771737,chr3:43448041,3,43448041,ANO10,baseline eGFR,4.878671153431515,0.2541837541400052,5.992466481030989e-07,0.003429173174121349,0.26061716123322254,
cg21045547,chr20:35422703,20,35422703,C20orf117;C20orf117,baseline eGFR,2.747114976226454,0.146388348490808,6.287488845438841e-07,0.003551271686743007,0.2734479198792115,
cg14613878,chr20:35504198,20,35504198,C20orf118,baseline eGFR,2.789407265618992,0.14858332329111534,6.831444889657541e-07,0.0037975311583854114,0.2971050034071182,
cg17030628,chr1:207039008,1,207039008,IL20,baseline eGFR,2.96888615768057,0.15791110737982778,6.898124695624074e-07,0.0037975311583854114,0.3000049615124475,
cg14446138,chr9:135267742,9,135267742,TTF1,baseline eGFR,3.588509499632165,0.1897635330955209,7.775338144999899e-07,0.00422694595245702,0.3381556761965616,
cg22850451,chr19:17829496,19,17829496,MAP1S,baseline eGFR,3.9770919260348756,0.20945060365115048,7.892805083987105e-07,0.004237832189465017,0.3432644073466664,
cg06528816,chr2:47242277,2,47242277,TTC7A,baseline eGFR,2.7234595333607468,0.14511570835586843,8.954235630412701e-07,0.004749108182379911,0.38942687095515266,
cg15232319,chr19:4376459,19,4376459,SH3GL1,baseline eGFR,3.8577451389584656,0.20340089958102336,9.530247377945016e-07,0.004976452616930877,0.41447808266473113,
cg01649647,chr20:35177530,20,35177530,MYL9;MYL9,baseline eGFR,3.215113926772496,0.17059810412174897,9.611734431700352e-07,0.004976452616930877,0.41802201982219367,
cg23597162,chr7:28102341,7,28102341,JAZF1,baseline eGFR,-4.859070586323146,-0.25312859490015055,1.0330563556827747e-06,0.005271432315817918,0.4492844735372842,Chu et al. (ARIC); Chu et al. (FHS); Schlosser et al.
cg02427831,chr19:51961937,19,51961937,SIGLEC8,baseline eGFR,3.207619733130835,0.17020165014286215,1.042388687171404e-06,0.005271432315817918,0.45334317916034095,
cg20062057,chr2:50201479,2,50201479,NRXN1;NRXN1;NRXN1,baseline eGFR,2.6148589627595347,0.13942488911784637,1.0722520585134102e-06,0.005360126416827014,0.4663309982639502,
cg02445229,chr19:4634006,19,4634006,,baseline eGFR,2.8585972510889146,0.15212873135087276,1.1113461284686344e-06,0.005492424114091328,0.4833333220400369,
cg07397612,chr22:47423986,22,47423986,TBC1D22A,baseline eGFR,2.6246673320102145,0.13993099714151352,1.141890003802012e-06,0.00556772448002765,0.4966170977735254,
cg20315954,chr17:15137304,17,15137304,PMP22;PMP22;PMP22,baseline eGFR,2.616358003524021,0.1394956828650115,1.1521866767281552e-06,0.00556772448002765,0.5010952032024885,
cg18927901,chr6:36238043,6,36238043,PNPLA1;PNPLA1;PNPLA1,baseline eGFR,3.21934910347452,0.1707809570623837,1.2671094294919213e-06,0.006055780524851346,0.5510760277614725,
cg08799394,chr10:97049193,10,97049193,PDLIM1,baseline eGFR,2.846053215744012,0.15145907617155446,1.2949551608092642e-06,0.006121590859535168,0.5631863590772355,
cg09173378,chr1:196370245,1,196370245,KCNT2,baseline eGFR,-2.8862002168685708,-0.1535430645842204,1.3232340145307515e-06,0.00618801138485527,0.5754850587915401,
cg05125838,chr3:48601585,3,48601585,UCN2;COL7A1,baseline eGFR,3.164645322918237,0.16794975837345189,1.3919034819663363e-06,0.006369634250108869,0.6053499595350154,
cg13017318,chr14:21508970,14,21508970,RNASE7,baseline eGFR,2.8875867607137806,0.15360841122322522,1.4019454414145338e-06,0.006369634250108869,0.609717288034712,
cg13054523,chr17:81055722,17,81055722,,baseline eGFR,2.648713464104455,0.1411653651804616,1.4060097492123654e-06,0.006369634250108869,0.6114848880104514,
cg11456013,chr6:111192760,6,111192760,,baseline eGFR,2.8736694747014164,0.15288166312153023,1.4483921834846884e-06,0.0064549377840093305,0.6299173477349589,
cg23387863,chr15:77472416,15,77472416,SGK269,baseline eGFR,2.908402298597129,0.15468352476717692,1.473495878771687e-06,0.0064549377840093305,0.6408351456448369,
cg21554670,chr17:9967417,17,9967417,GAS7,baseline eGFR,2.8397499905501107,0.15111500746982404,1.4944597760185003e-06,0.0064549377840093305,0.6499525122686539,
cg25217710,chr1:156609523,1,156609523,,baseline eGFR,3.248650625338259,0.17226734525369064,1.5040046653498252e-06,0.0064549377840093305,0.6541036609979618,
cg09076584,chr17:26941253,17,26941253,FLJ25006,baseline eGFR,3.2764553906226177,0.17369718614219223,1.5071510378913341e-06,0.0064549377840093305,0.6554720435872443,
cg20970369,chr1:111744108,1,111744108,DENND2D,baseline eGFR,-2.9689978998347346,-0.15782362158593877,1.5138917977341224e-06,0.0064549377840093305,0.6584036539689517,
cg06759255,chr17:7759060,17,7759060,TMEM88,baseline eGFR,2.9669822642930006,0.15771023410241786,1.632170137911023e-06,0.006832245970374598,0.7098438503386072,
cg01059398,chr3:172235808,3,172235808,TNFSF10,baseline eGFR,3.0591797417808437,0.16248339349997573,1.6338020476030752e-06,0.006832245970374598,0.7105535809189583,
cg14612966,chr9:130859606,9,130859606,SLC25A25;SLC25A25;SLC25A25;SLC25A25,baseline eGFR,2.5806062851671623,0.13758779115763575,1.6616713941648173e-06,0.006882611263746975,0.7226741826934323,
cg03723356,chr17:46047760,17,46047760,CDK5RAP3,baseline eGFR,2.6885629526465955,0.14322609372687328,1.689137194914769e-06,0.0069303705581697395,0.7346192791659923,
cg13458609,chr9:130608923,9,130608923,ENG;ENG,baseline eGFR,2.6485710799328923,0.14113350900431906,1.7682896901379179e-06,0.007187320865032725,0.7690433325585015,
cg01942646,chr1:27240694,1,27240694,NR0B2,baseline eGFR,2.6107645080991873,0.13915711193262278,1.7869142834036413e-06,0.007195771455245471,0.7771433171665109,
cg25897519,chr8:41427415,8,41427415,,baseline eGFR,3.613216678422811,0.19090035954927675,1.8407582105993227e-06,0.007344591484911287,0.8005604718553302,
cg10180440,chr10:102325486,10,102325486,,baseline eGFR,3.273120297320057,0.173495338332086,1.9053009572408167e-06,0.007528642267189046,0.8286306287116891,
cg10866623,chr17:46895019,17,46895019,TTLL6,baseline eGFR,2.7055587505436884,0.14409875499779148,1.9215082078462206e-06,0.007528642267189046,0.8356792916579842,
cg04592208,chr12:129331383,12,129331383,,baseline eGFR,-2.6351924817135193,-0.14042444747622612,1.948023625275465e-06,0.007533904274043337,0.847211058821302,
cg13091627,chr1:153518476,1,153518476,S100A4;S100A4,baseline eGFR,-2.985663178649906,-0.15865665620672775,1.9574971786375444e-06,0.007533904274043337,0.8513311829668971,
cg25727520,chr2:37576821,2,37576821,QPCT,baseline eGFR,-2.761046631167133,-0.14698500156675534,2.0254074277526126e-06,0.007712376938045116,0.8808658935890332,
cg23511909,chr3:128340787,3,128340787,RPN1,baseline eGFR,2.7338594437219204,0.14556770977607666,2.0401172747593036e-06,0.007712376938045116,0.8872633237310192,
cg02835823,chr16:85979060,16,85979060,,baseline eGFR,-3.6065783304734778,-0.19054546808829584,2.074761794523317e-06,0.007712376938045116,0.9023305025325468,
cg12126038,chr14:34966313,14,34966313,,baseline eGFR,2.911749500550911,0.15481564580962948,2.1076053293395015e-06,0.007712376938045116,0.9166144185723839,
cg01970336,chr1:51986254,1,51986254,EPS15,baseline eGFR,3.2846075085398825,0.17407264822428564,2.108486059110884e-06,0.007712376938045116,0.9169974549957963,
cg09377531,chr8:141046469,8,141046469,TRAPPC9;TRAPPC9,baseline eGFR,2.5385200205249707,0.13536093825901713,2.1102689663730467e-06,0.007712376938045116,0.917772855627369,
cg16292343,chr8:144545981,8,144545981,ZC3H3,baseline eGFR,2.9885751340898667,0.15879591830618311,2.157343875363377e-06,0.007818717584554461,0.9382461101465355,Chu et al. (FHS)
cg07177867,chr15:52030746,15,52030746,LYSMD2;LYSMD2,baseline eGFR,2.8187721912650425,0.14997638360575302,2.2771247916564764e-06,0.008184626354460618,0.9903397888897348,
cg24496349,chr11:67810905,11,67810905,TCIRG1;TCIRG1;TCIRG1,baseline eGFR,2.606976358089555,0.1389307901198063,2.3409033467066385e-06,0.008280827940560368,1.0,
cg18346531,chr17:9967431,17,9967431,GAS7,baseline eGFR,2.6833070387907347,0.1429166225636324,2.3419708000058066e-06,0.008280827940560368,1.0,
cg21640749,chr17:72709731,17,72709731,RAB37;CD300LF,baseline eGFR,2.6486889137871223,0.14110771261945582,2.387550276334817e-06,0.0083739089966147,1.0,
cg07596065,chr22:50984393,22,50984393,,baseline eGFR,3.0670487979409344,0.16283816969133177,2.5043457287616573e-06,0.0087132799376342,1.0,
cg16572910,chr1:43880657,1,43880657,,baseline eGFR,2.882167930528256,0.15325578301831988,2.600095856596571e-06,0.008974622926989693,1.0,
cg20774552,chr11:46415316,11,46415316,,baseline eGFR,2.647777984890601,0.1410472525130434,2.695553133042045e-06,0.009230847417205115,1.0,
cg20133890,chr6:31680144,6,31680144,LY6G6E;LY6G6E,baseline eGFR,3.2035174806759494,0.16986712644301755,2.7481054999905395e-06,0.00933728958429598,1.0,
cg22080436,chr11:4212471,11,4212471,,baseline eGFR,2.8188665956392263,0.14995858534872358,2.785387290915968e-06,0.009390598573005286,1.0,
cg08698681,chr3:171091657,3,171091657,TNIK;TNIK;TNIK;TNIK;TNIK;TNIK;TNIK;TNIK;TNIK,baseline eGFR,2.5705884685646563,0.13700577487520488,2.910198718552406e-06,0.009735913109909152,1.0,
cg08465183,chr14:21559798,14,21559798,ZNF219;ZNF219;ZNF219,baseline eGFR,2.9499419098848114,0.15675500799613484,3.0046316238760405e-06,0.00997510175783726,1.0,
cg18363008,chr17:4675114,17,4675114,TM4SF5,baseline eGFR,3.0524933163566095,0.16206097732930969,3.0712309135303025e-06,0.010118961319254825,1.0,
cg01330991,chr17:7648108,17,7648108,DNAH2,baseline eGFR,2.6851759847632772,0.14298302068184007,3.126527701226048e-06,0.01015486176513429,1.0,
cg20060759,chr1:6694392,1,6694392,THAP3;DNAJC11,baseline eGFR,2.621934621784244,0.13968086878718278,3.159126073004877e-06,0.01015486176513429,1.0,
cg12465678,chr1:27953336,1,27953336,FGR;FGR;FGR,baseline eGFR,5.513468109397506,0.2843841559348119,3.1644682247967597e-06,0.01015486176513429,1.0,
cg13233042,chr11:63432489,11,63432489,ATL3,baseline eGFR,2.5161972155576846,0.13415075896647288,3.175524938741673e-06,0.01015486176513429,1.0,
cg07094298,chr4:2748026,4,2748026,TNIP2;TNIP2,baseline eGFR,2.714333124875561,0.14449344882131293,3.4250730930646237e-06,0.010819875737468008,1.0,
cg14084609,chr14:100610407,14,100610407,EVL,baseline eGFR,2.531487185676925,0.1349431985375642,3.4332384131140033e-06,0.010819875737468008,1.0,
cg19805160,chr1:159870731,1,159870731,CCDC19,baseline eGFR,2.5081328138305103,0.1337171233493424,3.55488848615042e-06,0.011122657854206524,1.0,
cg01801191,chr16:83992318,16,83992318,OSGIN1;OSGIN1;OSGIN1,baseline eGFR,3.0754401485166145,0.1632270261335805,3.6145695209282868e-06,0.01122860858005628,1.0,
cg20299697,chr3:138069423,3,138069423,MRAS;MRAS,baseline eGFR,2.8830169684141778,0.15325569958663793,3.817709746023316e-06,0.01177554971789722,1.0,
cg04184810,chr14:101037198,14,101037198,BEGAIN,baseline eGFR,2.9682068892727775,0.1576702650092037,3.914723241640196e-06,0.011989749687149678,1.0,
cg20317437,chr1:24172120,1,24172120,FUCA1,baseline eGFR,2.6031797162269865,0.13867665938859786,3.988457686429066e-06,0.01206155461168175,1.0,
cg23196129,chr2:120937418,2,120937418,,baseline eGFR,2.5738416756560696,0.13714277431249008,4.009671242139806e-06,0.01206155461168175,1.0,
cg04943713,chr10:35456472,10,35456472,CREM;CREM;CREM;CREM;CREM;CREM;CREM;CREM;CREM;CREM;CREM;CREM,baseline eGFR,-2.915981968375494,-0.1549601720929159,4.021368700262708e-06,0.01206155461168175,1.0,
cg17038235,chr5:172370524,5,172370524,ERGIC1,baseline eGFR,3.159359453110796,0.1675411324944222,4.122041118506688e-06,0.012278826429914428,1.0,
cg14109551,chr6:118903047,6,118903047,C6orf204;C6orf204,baseline eGFR,2.7958312507491447,0.14871492979127976,4.183652490538592e-06,0.01237757780513713,1.0,
cg11964099,chr17:3905835,17,3905835,,baseline eGFR,3.2810217994508646,0.1737974093729337,4.255058051575295e-06,0.012503775588476408,1.0,
cg22652378,chr17:78533842,17,78533842,RPTOR;RPTOR,baseline eGFR,5.554564802669494,0.28625380509658815,4.632753852336861e-06,0.013522293371893418,1.0,
cg12402318,chr15:52135487,15,52135487,TMOD3,baseline eGFR,2.5861464451042977,0.13776976024730916,4.6889993500936e-06,0.013535220718268286,1.0,
cg18396357,chr2:50201413,2,50201413,NRXN1;NRXN1;NRXN1,baseline eGFR,2.441270319500668,0.13018628764476947,4.699426840753702e-06,0.013535220718268286,1.0,
cg12151545,chr11:47373000,11,47373000,MYBPC3,baseline eGFR,2.884878252618571,0.15332624001034495,4.790149381590887e-06,0.013642801792328582,1.0,
cg00582671,chr1:872235,1,872235,SAMD11,baseline eGFR,2.731691793252708,0.14536103548108303,4.805932326558943e-06,0.013642801792328582,1.0,
cg20519581,chr20:48959844,20,48959844,,baseline eGFR,2.9641187850839374,0.15743371521437072,4.830887166983826e-06,0.013642801792328582,1.0,
cg18879389,chr21:43771120,21,43771120,TFF2;TFF2,baseline eGFR,2.494980797852561,0.1329962175584026,4.899250898098628e-06,0.013746602642517923,1.0,
cg25332499,chr11:64756382,11,64756382,BATF2,baseline eGFR,4.095357967460106,0.21510201215279395,5.01425640647014e-06,0.013963738286668846,1.0,
cg06647928,chr5:73612203,5,73612203,,baseline eGFR,2.8156108055981295,0.14972201983391994,5.0666566828544575e-06,0.013963738286668846,1.0,
cg14247008,chr2:242786046,2,242786046,,baseline eGFR,2.5876058656375145,0.137837865730874,5.072959451869539e-06,0.013963738286668846,1.0,
cg14141741,chr7:947428,7,947428,ADAP1,baseline eGFR,2.5536047589775537,0.1360575980974792,5.215006351466274e-06,0.014264452718889901,1.0,
cg21927426,chr11:74854138,11,74854138,,baseline eGFR,2.719362465389339,0.14470858091371927,5.276295816891496e-06,0.014309561466273275,1.0,
cg17116500,chr12:56600222,12,56600222,RNF41;RNF41;RNF41,baseline eGFR,2.55005940490555,0.13587058778301161,5.297302868813628e-06,0.014309561466273275,1.0,
cg01582066,chr22:32057065,22,32057065,,baseline eGFR,4.277147584286235,0.22416792798090862,5.401012696035176e-06,0.014499652034612755,1.0,
cg05169499,chr12:52673946,12,52673946,,baseline eGFR,3.164995395373098,0.16779315238674788,5.604779878219835e-06,0.014954377958753571,1.0,
cg03787282,chr3:106718760,3,106718760,,baseline eGFR,-2.5212831350106395,-0.13435779224931577,5.698938376554299e-06,0.015112889582137056,1.0,
cg11095027,chr11:1297066,11,1297066,TOLLIP,baseline eGFR,2.598416992938378,0.13838772821080356,5.860494906333032e-06,0.015447127992263554,1.0,
cg15450349,chr8:42269042,8,42269042,,baseline eGFR,2.7041643483680735,0.14390395896051075,5.932368631891004e-06,0.015542376969629233,1.0,
cg04420917,chr19:39303993,19,39303993,LGALS4,baseline eGFR,2.531084265768269,0.13486535937407362,6.001271083621174e-06,0.015628747331949206,1.0,
cg00590152,chr17:74003831,17,74003831,EVPL,baseline eGFR,2.601661818421669,0.1385524668514716,6.1345134204493386e-06,0.015813710504366144,1.0,
cg01906801,chr17:38191472,17,38191472,MED24;MED24,baseline eGFR,2.602429072932737,0.13859236430966462,6.145017050129862e-06,0.015813710504366144,1.0,
cg00484711,chr2:42331922,2,42331922,,baseline eGFR,-3.5153708829437638,-0.18574239819122432,6.2963453944621356e-06,0.01610782931067493,1.0,
cg17879856,chr1:3806715,1,3806715,C1orf174,baseline eGFR,2.585264046509346,0.1376923432087468,6.343178480031074e-06,0.01613274307832371,1.0,
cg09981841,chr17:19177387,17,19177387,EPN2;EPN2;EPN2,baseline eGFR,3.095343537057767,0.16418440297577766,6.428124246996154e-06,0.016253736395422113,1.0,
cg26457013,chr19:55740188,19,55740188,TMEM86B;TMEM86B,baseline eGFR,2.503241777918274,0.13340028033649123,6.503974143659123e-06,0.01631563512549134,1.0,
cg01901579,chr14:95615731,14,95615731,DICER1,baseline eGFR,2.7599001202466438,0.14679552886568262,6.565004331612115e-06,0.01631563512549134,1.0,
cg27288091,chr16:85837390,16,85837390,COX4I1,baseline eGFR,2.6368011939566425,0.1403800312311241,6.565149748822705e-06,0.01631563512549134,1.0,
cg05554494,chr16:3306685,16,3306685,MEFV,baseline eGFR,-3.9926209036785,-0.20990237612711837,6.6878550976663685e-06,0.016385830612696772,1.0,Chu et al. (FHS); Schlosser et al.
cg15538427,chr11:62457014,11,62457014,LRRN4CL;LRRN4CL,baseline eGFR,2.6612952614744896,0.14165561952702743,6.7146859077912195e-06,0.016385830612696772,1.0,
cg24638828,chr7:72974572,7,72974572,,baseline eGFR,2.963383801411332,0.1573560341151582,6.764359333579666e-06,0.016385830612696772,1.0,
cg07970948,chr7:149543165,7,149543165,ZNF862,baseline eGFR,2.4277480287398108,0.12944126956747473,6.798217173247049e-06,0.016385830612696772,1.0,
cg05715138,chr17:4534892,17,4534892,ALOX15,baseline eGFR,2.4639889756639892,0.1313399794990542,6.830783859144119e-06,0.016385830612696772,1.0,
cg21041472,chr6:12050371,6,12050371,HIVEP1,baseline eGFR,-3.9291510147326454,-0.20670569059059402,6.847999542188332e-06,0.016385830612696772,1.0,
cg14769121,chr7:98722470,7,98722470,SMURF1;SMURF1,baseline eGFR,2.5586899784921413,0.13629543967407706,6.857131097866244e-06,0.016385830612696772,1.0,
cg26109393,chr14:96741054,14,96741054,,baseline eGFR,3.1693299411553086,0.16798946460706707,6.9547159186923e-06,0.016528205414025304,1.0,
cg22322562,chr2:50201511,2,50201511,NRXN1;NRXN1;NRXN1,baseline eGFR,2.4668311903546996,0.13148633376512678,7.007518685430052e-06,0.01656318443719029,1.0,
cg14020176,chr17:72764985,17,72764985,SLC9A3R1,baseline eGFR,3.1361998400989077,0.16627917266405348,7.12773889328104e-06,0.01675627387350849,1.0,
cg20885063,chr17:17939419,17,17939419,ATPAF2,baseline eGFR,2.492787611039561,0.13284297433739264,7.191424944966732e-06,0.016815098064331138,1.0,
cg17380091,chr19:1822445,19,1822445,REXO1,baseline eGFR,2.7212835758423877,0.14477358028070247,7.287634965377356e-06,0.016948934478729062,1.0,
cg04222933,chr1:160783181,1,160783181,LY9,baseline eGFR,2.701750748318129,0.14375514706492287,7.343840420885174e-06,0.016988802924288986,1.0,
cg22386583,chr17:78753756,17,78753756,RPTOR;RPTOR,baseline eGFR,-3.8770203147987496,-0.20406665644236507,7.39362362447642e-06,0.017013471234252862,1.0,Chu et al. (ARIC)
cg19747992,chr1:11713643,1,11713643,FBXO44;FBXO2;FBXO44;FBXO44;FBXO44,baseline eGFR,2.846390958624866,0.1512774183703262,7.475797969492385e-06,0.017112022859557863,1.0,
cg03078586,chr19:49469953,19,49469953,FTL,baseline eGFR,2.545153884171814,0.13557683791159575,7.62761457760133e-06,0.017178045301794124,1.0,
cg01588224,chr1:153950867,1,153950867,JTB,baseline eGFR,2.8011962738785403,0.14892619645166316,7.676249982857628e-06,0.017178045301794124,1.0,
cg01403010,chr22:38609534,22,38609534,MAFF;MAFF;MAFF;MAFF,baseline eGFR,4.663170598651854,0.24318715094320656,7.70086096710791e-06,0.017178045301794124,1.0,
cg21421984,chr7:98520513,7,98520513,TRRAP,baseline eGFR,3.388885570812869,0.1792510492179993,7.708225664374802e-06,0.017178045301794124,1.0,
cg02711608,chr19:47287964,19,47287964,SLC1A5;SLC1A5;SLC1A5;SLC1A5,baseline eGFR,2.74284926380878,0.14589003618203922,7.735455925281337e-06,0.017178045301794124,1.0,
cg09502149,chr1:43406792,1,43406792,SLC2A1,baseline eGFR,2.526498783497223,0.13459893703979922,7.798201668491047e-06,0.017178045301794124,1.0,
cg09299075,chr10:76154015,10,76154015,ADK;ADK,baseline eGFR,-2.853487014206882,-0.15164109063982958,7.798862235922076e-06,0.017178045301794124,1.0,Chu et al. (FHS)
cg19458497,chr11:63403371,11,63403371,ATL3,baseline eGFR,2.9098276864752934,0.1545639934352697,7.820626361794303e-06,0.017178045301794124,1.0,
cg02133716,chr8:128981622,8,128981622,PVT1,baseline eGFR,2.5506591745496965,0.13585756434319865,8.178862471946706e-06,0.017874636783665316,1.0,
cg04984556,chr1:11359053,1,11359053,,baseline eGFR,2.477258351753532,0.13201596368713828,8.272503475263926e-06,0.017988889707100417,1.0,
cg17971251,chr1:177907297,1,177907297,SEC16B,baseline eGFR,2.5432617250888714,0.13546688206605884,8.498932784540046e-06,0.018338961513627967,1.0,
cg14220251,chr1:19653075,1,19653075,PQLC2;PQLC2;PQLC2,baseline eGFR,2.720378152353934,0.1447094971842601,8.517824978507752e-06,0.018338961513627967,1.0,
cg08776942,chr16:11729131,16,11729131,,baseline eGFR,2.4491912226331856,0.13054133415058836,8.663270910857685e-06,0.018498032148025152,1.0,
cg20575173,chr3:101228308,3,101228308,SENP7;SENP7,baseline eGFR,2.485151543386181,0.13242448353284936,8.676774302144662e-06,0.018498032148025152,1.0,
cg25224369,chr3:12918528,3,12918528,,baseline eGFR,2.420282692630396,0.12902558826255167,8.72860425320671e-06,0.018517755212456702,1.0,
cg06976521,chr22:29729206,22,29729206,SNORD125;AP1B1;AP1B1;AP1B1,baseline eGFR,2.7153538642270094,0.1444440333620621,8.820511699038453e-06,0.018621898553424346,1.0,
cg03715305,chr19:5894715,19,5894715,NDUFA11,baseline eGFR,2.843743854470554,0.15111923305041822,8.978932221334448e-06,0.018864779973507835,1.0,
cg10578938,chr5:156695410,5,156695410,CYFIP2;CYFIP2;CYFIP2,baseline eGFR,-2.63652275655861,-0.14033189069666124,9.03187613805081e-06,0.018884784555035585,1.0,
cg22460173,chr19:6536042,19,6536042,,baseline eGFR,2.552363221718034,0.13593527855280996,9.142232890000809e-06,0.019019170073879398,1.0,Breeze et al. (Trans)
cg21062760,chr19:36205574,19,36205574,ZBTB32,baseline eGFR,3.166133588424747,0.16779010285112864,9.183610592388904e-06,0.019019170073879398,1.0,
cg22049753,chr2:240895815,2,240895815,,baseline eGFR,2.386241129812149,0.12723334961960792,9.396724453868017e-06,0.019368296866269345,1.0,
cg17417856,chr19:50191637,19,50191637,PRMT1;C19orf76;PRMT1;PRMT1,baseline eGFR,2.537756367330218,0.1351675051089451,9.517704109182362e-06,0.019525121031680578,1.0,
cg03493123,chr5:177029444,5,177029444,B4GALT7,baseline eGFR,2.6306359520178555,0.14001851515440994,9.580435252783505e-06,0.019561539600551965,1.0,
cg07186472,chr16:650828,16,650828,RAB40C,baseline eGFR,2.402069047822856,0.12805856975462104,9.889059962407054e-06,0.020097342477245452,1.0,
cg00574328,chr19:56851220,19,56851220,,baseline eGFR,-2.5267184145297574,-0.13458226229250247,1.0301984983067127e-05,0.020839142721003526,1.0,
cg20057782,chr10:28238789,10,28238789,ARMC4,baseline eGFR,2.897983938572975,0.15391355754999997,1.0719341157314328e-05,0.021582996407616944,1.0,
cg08067346,chr16:25011481,16,25011481,ARHGAP17;ARHGAP17,baseline eGFR,2.4452074157805566,0.13031073545843813,1.0829163843107678e-05,0.02170364050082154,1.0,
cg12425700,chr4:75186779,4,75186779,,baseline eGFR,2.5799171442251945,0.13735687419831427,1.0921885255343928e-05,0.021789060883628978,1.0,
cg14994947,chr1:101448135,1,101448135,,baseline eGFR,2.817390008649537,0.149725225223412,1.1233812434203871e-05,0.022208069731183087,1.0,
cg22062555,chr19:45664251,19,45664251,NKPD1,baseline eGFR,2.4781545567069103,0.13203251267201102,1.1234043385866158e-05,0.022208069731183087,1.0,
cg21386573,chr1:94219800,1,94219800,,baseline eGFR,2.593257463285778,0.1380445950492016,1.191674211109249e-05,0.02345107003642992,1.0,
cg24627621,chr6:42109176,6,42109176,C6orf132,baseline eGFR,2.5235220373476586,0.13439840481926305,1.215408051001368e-05,0.023810391200220857,1.0,
cg03004126,chr16:11325588,16,11325588,,baseline eGFR,3.0485524369331216,0.16168903793617773,1.2368138759479553e-05,0.024121087406312705,1.0,
cg02302858,chr22:46638155,22,46638155,PPARA;PPARA,baseline eGFR,3.424013997380345,0.180983325882965,1.2541125183617008e-05,0.0243003558769686,1.0,
cg02072495,chr15:60689285,15,60689285,ANXA2;ANXA2;ANXA2;ANXA2,baseline eGFR,2.759780012246226,0.14671750203830689,1.2615355115575386e-05,0.0243003558769686,1.0,
cg26344619,chr14:76046018,14,76046018,FLVCR2,baseline eGFR,2.532216665955849,0.1348491905351131,1.262768316102464e-05,0.0243003558769686,1.0,
cg04290133,chr7:65439512,7,65439512,GUSB,baseline eGFR,2.3655003971625197,0.12611636546893285,1.2723643849055605e-05,0.024377156383722797,1.0,
cg08251362,chr7:112086746,7,112086746,IFRD1,baseline eGFR,3.108039753383107,0.1647551529691011,1.279144722028151e-05,0.024399573367009608,1.0,
cg01433332,chr16:85407575,16,85407575,,baseline eGFR,2.425703128284655,0.1292707031960406,1.303914114797051e-05,0.024763435800792835,1.0,
cg11787791,chr1:153329460,1,153329460,S100A9,baseline eGFR,-2.546080169868298,-0.13556900418688175,1.325514632667941e-05,0.02506421382018908,1.0,
cg04764056,chr19:40228820,19,40228820,CLC,baseline eGFR,2.6987887851329626,0.1435359898159565,1.341456437688018e-05,0.025255850060693526,1.0,
cg25424279,chr11:65683543,11,65683543,,baseline eGFR,2.80999572592967,0.14932037865538358,1.3519228730353236e-05,0.025272378575472924,1.0,
cg25479097,chr13:113305704,13,113305704,C13orf35,baseline eGFR,2.4577132125206544,0.13094381887526474,1.3539562868664618e-05,0.025272378575472924,1.0,
cg23706836,chr8:6407997,8,6407997,ANGPT2;ANGPT2;ANGPT2;MCPH1,baseline eGFR,2.3549237138182324,0.12555292770999835,1.3915205496637403e-05,0.025760163093139107,1.0,
cg19269039,chr1:111743200,1,111743200,DENND2D;DENND2D,baseline eGFR,-2.5860774125233705,-0.13765327622441326,1.3964144826260812e-05,0.025760163093139107,1.0,
cg00384553,chr1:228266701,1,228266701,,baseline eGFR,2.481767763960914,0.1321998695477067,1.3990677991612622e-05,0.025760163093139107,1.0,
cg26396815,chr4:102878132,4,102878132,BANK1;BANK1;BANK1,baseline eGFR,2.4207503639117,0.12900400453063265,1.4037816395821573e-05,0.025760163093139107,1.0,
cg11845111,chr2:191398756,2,191398756,TMEM194B,baseline eGFR,-2.340737437511613,-0.12480678644579993,1.4156820612937912e-05,0.025869388819880677,1.0,
cg16263722,chr1:29523841,1,29523841,MECR;MECR,baseline eGFR,2.448676133457412,0.13046466467264192,1.4377205525364995e-05,0.026162182847805186,1.0,
cg18770446,chr1:1109983,1,1109983,TTLL10,baseline eGFR,2.3823138952417438,0.1269860930436001,1.4469478322623871e-05,0.02622038282639876,1.0,
cg21239317,chr7:23640510,7,23640510,CCDC126,baseline eGFR,2.4699499613380174,0.13157496899480725,1.4913658773498081e-05,0.026868754244704085,1.0,
cg08287334,chr19:1854633,19,1854633,KLF16,baseline eGFR,2.3454173173545496,0.1250472007317765,1.496438947316944e-05,0.026868754244704085,1.0,
cg07438246,chr3:14446645,3,14446645,SLC6A6;SLC6A6;SLC6A6,baseline eGFR,-2.8870187565110412,-0.15330636720373517,1.5012617108590993e-05,0.026868754244704085,1.0,
cg12776287,chr18:24125939,18,24125939,KCTD1;KCTD1;KCTD1,baseline eGFR,2.7639373596550225,0.14691385998490358,1.5120081248922235e-05,0.026915825622009965,1.0,
cg18783781,chr1:9599067,1,9599067,SLC25A33,baseline eGFR,2.3702296887444523,0.12634782595077332,1.5162694816817446e-05,0.026915825622009965,1.0,
cg00711496,chr19:50191497,19,50191497,C19orf76;PRMT1;PRMT1;PRMT1,baseline eGFR,2.3765137080922925,0.12667679485035965,1.5264917128945255e-05,0.02694423904519362,1.0,
cg10028434,chr14:104160076,14,104160076,KLC1;KLC1,baseline eGFR,2.37621557824495,0.1266603628254557,1.5393060651520894e-05,0.02694423904519362,1.0,
cg13924998,chr7:41531155,7,41531155,,baseline eGFR,-2.7208209553661504,-0.14466836285908427,1.5407009582736094e-05,0.02694423904519362,1.0,Chu et al. (FHS); Schlosser et al.
cg08788930,chr8:142201685,8,142201685,DENND3,baseline eGFR,2.757187908059157,0.1465606190291953,1.5426516693767905e-05,0.02694423904519362,1.0,
cg10604550,chr5:43001210,5,43001210,,baseline eGFR,2.7896997623138957,0.14824822511290567,1.5824822193975774e-05,0.027529367082950465,1.0,
cg08295410,chr5:156990663,5,156990663,ADAM19,baseline eGFR,2.4410752687276203,0.13005612804233993,1.5997399189671545e-05,0.027718712696341324,1.0,
cg18368116,chr14:21436271,14,21436271,,baseline eGFR,2.4986654449857513,0.13306962374554177,1.61728196075312e-05,0.02786500837769677,1.0,
cg16362140,chr5:10708717,5,10708717,DAP,baseline eGFR,2.3173690548506616,0.12356733550110686,1.620997341864781e-05,0.02786500837769677,1.0,
cg20536469,chr2:50201505,2,50201505,NRXN1;NRXN1;NRXN1,baseline eGFR,2.3052991223213355,0.12293147877389853,1.6566748459323233e-05,0.028366186767509245,1.0,
cg00217953,chr2:97527635,2,97527635,SEMA4C,baseline eGFR,2.4942830273107433,0.13283619944066774,1.686167875671423e-05,0.02875795680284342,1.0,
cg21081878,chr21:38334730,21,38334730,HLCS,baseline eGFR,2.4141617534065283,0.1286388334562367,1.7244833633773146e-05,0.029296547289050824,1.0,
cg09533087,chr8:436965,8,436965,,baseline eGFR,2.560435201562788,0.13629143955851628,1.7392320702156948e-05,0.029432137789625192,1.0,
cg23509869,chr6:31553441,6,31553441,LST1;LST1;LST1;LST1;LST1,baseline eGFR,-2.426134909785431,-0.12926494851037892,1.7466841356100297e-05,0.029443678451546,1.0,
cg25137372,chr12:96390059,12,96390059,HAL;HAL,baseline eGFR,4.872822721970449,0.25328045750910155,1.782433766672462e-05,0.029836893555704375,1.0,
cg15482717,chr11:70053254,11,70053254,FADD,baseline eGFR,2.527207054747146,0.13455222590690077,1.7867148347941e-05,0.029836893555704375,1.0,
cg06975311,chr11:65407399,11,65407399,SIPA1;SIPA1,baseline eGFR,-2.5879882570300325,-0.13772567528649904,1.8208985609984116e-05,0.029836893555704375,1.0,Breeze et al. (AA)
cg01279378,chr15:40531871,15,40531871,PAK6;PAK6;PAK6,baseline eGFR,2.385519976103695,0.12713220076171902,1.8223256213964106e-05,0.029836893555704375,1.0,
cg03237324,chr12:6420052,12,6420052,PLEKHG6;PLEKHG6,baseline eGFR,2.517441595532812,0.13403948763166726,1.825739440786966e-05,0.029836893555704375,1.0,
cg09010791,chr11:72448539,11,72448539,ARAP1,baseline eGFR,-3.429852763159329,-0.18123122711242842,1.8299507124366218e-05,0.029836893555704375,1.0,
cg19309676,chr19:50191439,19,50191439,C19orf76;PRMT1;PRMT1;PRMT1,baseline eGFR,2.3772894237694193,0.12670019549816755,1.8304946580157322e-05,0.029836893555704375,1.0,
cg02435538,chr7:75507337,7,75507337,RHBDD2;RHBDD2,baseline eGFR,2.4951831180166524,0.13287503156366323,1.831884694499359e-05,0.029836893555704375,1.0,
cg02529547,chr17:48259089,17,48259089,,baseline eGFR,2.420070740544638,0.12894199300867099,1.8437735868405374e-05,0.029836893555704375,1.0,
cg10371155,chr17:37561101,17,37561101,MED1,baseline eGFR,3.323263555677296,0.17577479992995385,1.8446424470366712e-05,0.029836893555704375,1.0,
cg03188000,chr12:68634913,12,68634913,,baseline eGFR,3.0058376856812457,0.15943406005437621,1.8454763689066368e-05,0.029836893555704375,1.0,
cg20408175,chr12:53693169,12,53693169,PFDN5;PFDN5;C12orf10,baseline eGFR,2.965107002535974,0.15732700068685715,1.8530024266913847e-05,0.029844239169962976,1.0,
cg02707357,chr8:28483997,8,28483997,,baseline eGFR,2.807447710424947,0.1491524862149366,1.8596551029321065e-05,0.029844239169962976,1.0,
cg01243312,chr2:136422981,2,136422981,MIR128-1;R3HDM1,baseline eGFR,-2.813065390915576,-0.14943968835378518,1.937864386586676e-05,0.030985026641236695,1.0,
cg03794981,chr16:46607903,16,46607903,,baseline eGFR,2.3077830140150875,0.12304550137309811,1.9787276389691023e-05,0.03152250842522983,1.0,
cg03664589,chr7:1584275,7,1584275,TMEM184A,baseline eGFR,2.4889855247367194,0.13254268496790803,1.9877962532920104e-05,0.031551404851340205,1.0,
cg20405742,chr6:16933816,6,16933816,,baseline eGFR,2.512853502109164,0.13378950811679347,2.0186176809662166e-05,0.03192410830522383,1.0,
cg18806193,chr5:1338909,5,1338909,CLPTM1L,baseline eGFR,2.8267938056709596,0.15014548209830142,2.06481726881992e-05,0.032536432925649776,1.0,
cg05791142,chr1:41332266,1,41332266,,baseline eGFR,2.6200916925452384,0.13938484710428817,2.128734818833174e-05,0.033422519949064915,1.0,
cg08625564,chr17:1553453,17,1553453,RILP,baseline eGFR,2.6654913782069287,0.14175127162791443,2.1417198430861188e-05,0.033505435018593446,1.0,
cg00853671,chr12:129331490,12,129331490,,baseline eGFR,-2.329918447153206,-0.12419943968313639,2.1593858109264796e-05,0.033660722733276464,1.0,
cg06447341,chr1:32452930,1,32452930,,baseline eGFR,2.574408917987286,0.13699865608808415,2.1695899248781692e-05,0.03369900053746124,1.0,
cg12395843,chr11:65812734,11,65812734,GAL3ST3,baseline eGFR,2.330012931941927,0.1242031983972835,2.1873635732434505e-05,0.03373957379211739,1.0,
cg21772826,chr3:189040394,3,189040394,TPRG1,baseline eGFR,-3.205426004859982,-0.1697034103491712,2.1877178183379253e-05,0.03373957379211739,1.0,
cg14583999,chr3:10019040,3,10019040,TMEM111,baseline eGFR,3.207268291434694,0.16979700095316716,2.207530758826109e-05,0.03392483347206875,1.0,
cg19016694,chr17:80821826,17,80821826,TBCD,baseline eGFR,3.360458035793847,0.17765491982359827,2.238658999450058e-05,0.034250352650148044,1.0,
cg12819873,chr11:57157632,11,57157632,PRG2,baseline eGFR,2.3234791449572265,0.12385756496498436,2.2517027867472566e-05,0.034250352650148044,1.0,
cg04981758,chr1:45954027,1,45954027,TESK2,baseline eGFR,2.3297227863494636,0.12418504863204477,2.257015154597753e-05,0.034250352650148044,1.0,
cg05070268,chr16:1414687,16,1414687,UNKL,baseline eGFR,2.272312723443333,0.12117018664760437,2.260213932738071e-05,0.034250352650148044,1.0,
cg05962781,chr1:115599145,1,115599145,TSPAN2,baseline eGFR,2.8173215108601104,0.14964313359001194,2.268895157286413e-05,0.03426252274531664,1.0,
cg08036668,chr15:49462157,15,49462157,GALK2;GALK2,baseline eGFR,2.8325954727437965,0.15043483926877324,2.294649917623895e-05,0.03453154347314785,1.0,
cg00381391,chr3:33837694,3,33837694,,baseline eGFR,2.4170797097486156,0.1287632544161453,2.3159697658456762e-05,0.03473219927325556,1.0,
cg15700636,chr11:57156050,11,57156050,PRG2,baseline eGFR,2.327735713484649,0.12407714679994566,2.3463091295947587e-05,0.03484968628227049,1.0,
cg09148852,chr12:122235169,12,122235169,LOC338799,baseline eGFR,2.310174632379662,0.123154786577224,2.3600233055171435e-05,0.03484968628227049,1.0,
cg18838605,chr4:185520416,4,185520416,,baseline eGFR,2.542135814149062,0.1353039974831077,2.368179115553323e-05,0.03484968628227049,1.0,
cg03203287,chr3:38033770,3,38033770,VILL,baseline eGFR,2.256104776782082,0.12031420663434465,2.3691362908223892e-05,0.03484968628227049,1.0,
cg24847366,chr12:125034283,12,125034283,,baseline eGFR,2.4468804939676967,0.1303217291009591,2.370632624347017e-05,0.03484968628227049,1.0,
cg06398335,chr13:101161616,13,101161616,PCCA;PCCA,baseline eGFR,2.353016625631274,0.1254026156987548,2.371882591157685e-05,0.03484968628227049,1.0,
cg22197936,chr5:76325203,5,76325203,AGGF1,baseline eGFR,2.7327392453093187,0.14524031540272664,2.4072001004834947e-05,0.03519929716438644,1.0,
cg07237830,chr11:62474725,11,62474725,BSCL2;GNG3;BSCL2;BSCL2;BSCL2,baseline eGFR,2.4089567354562718,0.12833376163474516,2.4118642459985008e-05,0.03519929716438644,1.0,
cg01092250,chr16:556146,16,556146,RAB11FIP3;RAB11FIP3,baseline eGFR,2.410237553944105,0.12839877345036704,2.4650081257548212e-05,0.03574250993755324,1.0,
cg00829404,chr1:61362869,1,61362869,,baseline eGFR,-2.6963567597178857,-0.14334408463946574,2.4655221291091388e-05,0.03574250993755324,1.0,
cg16182757,chr6:126658808,6,126658808,,baseline eGFR,4.244400553279963,0.2222909589721948,2.4742901392420613e-05,0.03575045102583011,1.0,
cg03661164,chr7:148560646,7,148560646,EZH2;EZH2,baseline eGFR,3.5593869080104454,0.18779490218404277,2.5085262245839083e-05,0.03612510341991187,1.0,
cg07201450,chr1:58716662,1,58716662,DAB1,baseline eGFR,2.315089637212536,0.12340665987877016,2.5222839878524394e-05,0.03620334932636728,1.0,
cg06725287,chr17:80533762,17,80533762,FOXK2,baseline eGFR,2.2654942223324643,0.12079977924097972,2.5835244872661637e-05,0.03696037722723529,1.0,
cg18906520,chr12:123461288,12,123461288,OGFOD2,baseline eGFR,2.396050547941023,0.12765020988647838,2.6011130036219164e-05,0.037089995218990174,1.0,
cg04212926,chr1:45190912,1,45190912,C1orf228,baseline eGFR,-2.3385070976285434,-0.12463164995969438,2.6323006232129354e-05,0.03741204573334285,1.0,
cg26227957,chr1:19547285,1,19547285,KIAA0090,baseline eGFR,-3.108379627303264,-0.16468137714855957,2.6991237933135457e-05,0.03818783185996508,1.0,
cg00353643,chr16:1458060,16,1458060,UNKL,baseline eGFR,2.544630394457536,0.13542032816073882,2.719436243978599e-05,0.03818783185996508,1.0,
cg20010135,chr16:30996822,16,30996822,HSD3B7;HSD3B7;HSD3B7,baseline eGFR,2.6523369452435697,0.14104043958672635,2.7213102308418117e-05,0.03818783185996508,1.0,
cg14818413,chr3:56717657,3,56717657,C3orf63,baseline eGFR,2.2999239971100196,0.12260343252239378,2.7220073846857666e-05,0.03818783185996508,1.0,
cg09597192,chr6:32141591,6,32141591,AGPAT1;AGPAT1,baseline eGFR,2.42236757549926,0.1290235468751377,2.7532205838623087e-05,0.03839407368371898,1.0,
cg04657183,chr2:175636905,2,175636905,,baseline eGFR,2.6463858744019406,0.14072878364180355,2.7598297970354376e-05,0.03839407368371898,1.0,
cg26572165,chr1:160807694,1,160807694,CD244;CD244;CD244,baseline eGFR,-2.368925814321097,-0.12622256881093777,2.7631924597855273e-05,0.03839407368371898,1.0,
cg13312337,chr2:74612759,2,74612759,LOC100189589,baseline eGFR,2.3210533984936705,0.12371074266834418,2.7779145061939094e-05,0.03844403158592048,1.0,
cg02896705,chr19:18112042,19,18112042,ARRDC2;ARRDC2,baseline eGFR,3.537702565930336,0.18667649629554578,2.784467048103266e-05,0.03844403158592048,1.0,
cg06682445,chr7:43915791,7,43915791,URGCP;URGCP;URGCP,baseline eGFR,2.559654252349117,0.1362011011646602,2.8277949945638292e-05,0.03891869194606854,1.0,
cg26136776,chr19:12998426,19,12998426,KLF1,baseline eGFR,2.307872094402928,0.12301579017978109,2.8715702810736815e-05,0.03939649488331838,1.0,
cg17430228,chr11:353919,11,353919,,baseline eGFR,2.293447161176717,0.12225776029905028,2.892641874044309e-05,0.039400390486349766,1.0,
cg07814567,chr4:100736658,4,100736658,DAPP1,baseline eGFR,-4.213909339013794,-0.2207470483744505,2.8947470842485666e-05,0.039400390486349766,1.0,Chu et al. (FHS)
cg22312249,chr17:72779428,17,72779428,TMEM104,baseline eGFR,2.3993070374383856,0.12781048462581981,2.8990326587765517e-05,0.039400390486349766,1.0,
cg12087627,chr17:3911415,17,3911415,ZZEF1,baseline eGFR,2.3672048713846205,0.1261264583507251,2.940361507211233e-05,0.03983759322050539,1.0,
cg11002698,chr6:111135096,6,111135096,CDK19,baseline eGFR,3.206678588136433,0.16972995948684766,2.957246263617429e-05,0.03986038232288795,1.0,
cg23801885,chr6:34458902,6,34458902,PACSIN1,baseline eGFR,2.719281425491725,0.14451773970635318,2.9603740308968354e-05,0.03986038232288795,1.0,
cg16294363,chr1:41248881,1,41248881,KCNQ4;KCNQ4,baseline eGFR,2.3442265785458556,0.1249203450525333,2.9722666309178267e-05,0.03989699184935834,1.0,
cg12444450,chr1:45763846,1,45763846,,baseline eGFR,2.682642095016856,0.14260677691680487,3.062640485506817e-05,0.040983595331409196,1.0,
cg26235490,chr17:1047567,17,1047567,ABR;ABR,baseline eGFR,2.275286948015964,0.12129815764496224,3.084043221484725e-05,0.04114340703587358,1.0,
cg08246316,chr16:30751261,16,30751261,SRCAP,baseline eGFR,2.3513328460395324,0.12528871442954323,3.1141427611776966e-05,0.04130927317400397,1.0,
cg04643527,chr16:3312946,16,3312946,,baseline eGFR,-2.385161797646924,-0.12706232116241192,3.1154730658146786e-05,0.04130927317400397,1.0,
cg05219423,chr10:11291279,10,11291279,CUGBP2;CUGBP2;CUGBP2;CUGBP2,baseline eGFR,2.2745241741822744,0.12125573262191851,3.1650886290805405e-05,0.04183958557739087,1.0,
cg15809077,chr2:112462079,2,112462079,,baseline eGFR,2.343770166115201,0.12488975163286334,3.191217155379268e-05,0.042057147594293534,1.0,
cg21498475,chr12:113737469,12,113737469,SLC24A6,baseline eGFR,2.252874992208813,0.12011710448108888,3.208711919552853e-05,0.04215995418455867,1.0,
cg26272088,chr15:99443339,15,99443339,IGF1R,baseline eGFR,2.3356874484128243,0.12446475248280355,3.2252208582103916e-05,0.042249227500077265,1.0,
cg21573651,chr14:38681111,14,38681111,SSTR1,baseline eGFR,2.366864106360318,0.12609945670984735,3.238908106142461e-05,0.042301112511297465,1.0,
cg03919650,chr16:3306855,16,3306855,MEFV,baseline eGFR,-2.4765795645388557,-0.13184482745065534,3.256847787794004e-05,0.04235383788891443,1.0,Chu et al. (FHS)
cg08380391,chr17:79109729,17,79109729,AATK,baseline eGFR,2.4799557042724656,0.1320211874544439,3.2649016102503444e-05,0.04235383788891443,1.0,
cg14343283,chr17:40954091,17,40954091,CNTD1,baseline eGFR,2.8779425176153577,0.15274685214325393,3.277627740919227e-05,0.04235383788891443,1.0,
cg10072464,chr13:114064536,13,114064536,,baseline eGFR,-2.2658158862822066,-0.12079467943601822,3.293351618535707e-05,0.04235383788891443,1.0,
cg26651978,chr17:76965407,17,76965407,,baseline eGFR,2.6217539363488997,0.13942600452530277,3.296576527672445e-05,0.04235383788891443,1.0,
cg26438325,chr7:28176718,7,28176718,JAZF1,baseline eGFR,2.376667109460704,0.12661156497566672,3.301376623180533e-05,0.04235383788891443,1.0,
cg09644952,chr3:121796071,3,121796071,CD86;CD86,baseline eGFR,3.2977772735976205,0.1743915408385779,3.33784337338832e-05,0.042695728995104924,1.0,
cg16347361,chr17:76850052,17,76850052,TIMP2,baseline eGFR,2.7218434431702314,0.14463459503488305,3.448774980955511e-05,0.0439374551021378,1.0,
cg16599817,chr1:2036283,1,2036283,PRKCZ;PRKCZ;PRKCZ;PRKCZ,baseline eGFR,2.4037504352647563,0.12802648774288275,3.45512376064159e-05,0.0439374551021378,1.0,
cg01482313,chr21:30449466,21,30449466,,baseline eGFR,2.408223189190827,0.12825993931087878,3.486119012551083e-05,0.04420236290118269,1.0,
cg20968821,chr14:105522684,14,105522684,GPR132,baseline eGFR,2.3267011449671933,0.12398566862634489,3.5000501834771916e-05,0.044249994918479606,1.0,
cg10717722,chr10:124134020,10,124134020,PLEKHA1,baseline eGFR,2.3434398037052535,0.12486290315811616,3.533161075246378e-05,0.04432566186273875,1.0,
cg10668363,chr19:52076691,19,52076691,ZNF175,baseline eGFR,2.4687228715279947,0.13142570634723713,3.536474536446918e-05,0.04432566186273875,1.0,
cg06943835,chr11:64662577,11,64662577,ATG2A,baseline eGFR,2.5264570258087335,0.13444410036591292,3.544505958876449e-05,0.04432566186273875,1.0,
cg23575099,chr14:55603874,14,55603874,LGALS3;LGALS3,baseline eGFR,2.41120662891721,0.12841455823104284,3.5468030774860626e-05,0.04432566186273875,1.0,
cg20978858,chr22:41653226,22,41653226,RANGAP1,baseline eGFR,2.8765900298033005,0.15266679255681542,3.5781100426689624e-05,0.04432938713043101,1.0,
cg25880347,chr8:144355125,8,144355125,GLI4,baseline eGFR,2.3861090570565953,0.1270982668710264,3.5980524725964175e-05,0.04432938713043101,1.0,
cg01614759,chr10:45495435,10,45495435,C10orf25;ZNF22,baseline eGFR,2.368978905608664,0.12620036769784054,3.599195931482103e-05,0.04432938713043101,1.0,
cg01542143,chr4:3240754,4,3240754,HTT,baseline eGFR,2.2703006312184257,0.12102212551932859,3.602716396725993e-05,0.04432938713043101,1.0,
cg26932614,chr6:35765146,6,35765146,CLPS,baseline eGFR,2.852502753007628,0.1514170078471267,3.6052982763239474e-05,0.04432938713043101,1.0,
cg06040872,chr17:34394215,17,34394215,CCL18,baseline eGFR,4.154022952611961,0.21772488741713603,3.6082580785298446e-05,0.04432938713043101,1.0,
cg21507987,chr11:10527506,11,10527506,AMPD3;AMPD3;AMPD3,baseline eGFR,-2.5694570248496778,-0.13668751355440498,3.629136187864041e-05,0.04446029186455139,1.0,
cg07914457,chr1:27241853,1,27241853,NR0B2,baseline eGFR,2.9001686047181927,0.15388555796312872,3.6759760716865265e-05,0.04484889363500699,1.0,
cg13733708,chr20:44597685,20,44597685,ZNF335,baseline eGFR,4.46932853207786,0.23337764627631752,3.681480917273883e-05,0.04484889363500699,1.0,
cg27081745,chr5:67627382,5,67627382,,baseline eGFR,2.3936906445363615,0.12749281430916717,3.702852663609112e-05,0.044983247101254516,1.0,
cg01701585,chr16:2263913,16,2263913,PGP,baseline eGFR,2.2903484557258507,0.12207187772391183,3.725838434103154e-05,0.04513640506125166,1.0,
cg02244263,chr5:122106549,5,122106549,,baseline eGFR,2.3220923648737397,0.12373722751744091,3.758916550198364e-05,0.0454106355281575,1.0,
cg24646951,chr15:35147320,15,35147320,,baseline eGFR,2.463903505905514,0.13116702463894714,3.780259689516002e-05,0.04554197177418353,1.0,
cg09804616,chr6:30644832,6,30644832,KIAA1949;KIAA1949,baseline eGFR,2.3913527070132763,0.12736764100813242,3.808133849690163e-05,0.04575104630665882,1.0,
cg16576811,chr18:55888640,18,55888640,NEDD4L;NEDD4L;NEDD4L;NEDD4L;NEDD4L;NEDD4L;NEDD4L;NEDD4L;NEDD4L,baseline eGFR,2.665082270132544,0.1416687871198445,3.819579837099509e-05,0.04576214401634362,1.0,
cg13442606,chr11:3071269,11,3071269,CARS;CARS;CARS;CARS,baseline eGFR,3.1735622714438305,0.1679930675440574,3.881479781898758e-05,0.04620515968193897,1.0,
cg00043800,chr2:74612144,2,74612144,LOC100189589,baseline eGFR,2.374841021568387,0.12650039557162346,3.8864205580775594e-05,0.04620515968193897,1.0,
cg24491618,chr7:150649807,7,150649807,KCNH2;KCNH2;KCNH2,baseline eGFR,2.4717783100829394,0.1315762234074193,3.888428919125347e-05,0.04620515968193897,1.0,
cg23642826,chr1:6645463,1,6645463,ZBTB48,baseline eGFR,2.5912489396544993,0.13781707282539296,3.9142914083887906e-05,0.04638573972314856,1.0,
cg12555233,chr15:91455366,15,91455366,MAN2A2,baseline eGFR,2.3147217523633143,0.12334532663819289,3.973576861007036e-05,0.04696033601812087,1.0,
cg18524934,chr2:97164073,2,97164073,NEURL3,baseline eGFR,2.362536193605466,0.1258528187244476,3.992918963327362e-05,0.047061040664031877,1.0,
cg19597449,chr19:8117924,19,8117924,CCL25,baseline eGFR,2.553745154404261,0.1358571275089239,4.006773842793018e-05,0.047096702660038535,1.0,
cg13423371,chr9:138701748,9,138701748,CAMSAP1,baseline eGFR,2.2929476886670983,0.12220144254824786,4.017704139730582e-05,0.047097888733206146,1.0,
cg19942083,chr12:7070562,12,7070562,,baseline eGFR,2.6858041567794704,0.142741650264558,4.0526842309646156e-05,0.04738023638495589,1.0,Chu et al. (FHS)
cg05718253,chr19:11347359,19,11347359,LOC55908;DOCK6,baseline eGFR,2.3777092391269066,0.1266446938153419,4.142031531171404e-05,0.04826587735903597,1.0,
cg26099045,chr2:64291800,2,64291800,,baseline eGFR,2.4619412624328385,0.13105511132528277,4.1546877402037355e-05,0.04826587735903597,1.0,Breeze et al. (Trans); Chu et al. (ARIC); Schlosser et al.
cg13910681,chr9:130740599,9,130740599,FAM102A,baseline eGFR,2.8248253392335427,0.14996504092593987,4.161731678800686e-05,0.04826587735903597,1.0,
cg19458529,chr5:66347164,5,66347164,MAST4;MAST4,baseline eGFR,2.7243653479491616,0.14474458663391587,4.1990979065811574e-05,0.04845860405338937,1.0,
cg12614529,chr4:154269418,4,154269418,MND1,baseline eGFR,2.4796433799355104,0.13197999732223759,4.200634094596511e-05,0.04845860405338937,1.0,
cg13948456,chr9:139239853,9,139239853,GPSM1,baseline eGFR,2.2401286304654953,0.11942222715384297,4.242330239233054e-05,0.04877029901232853,1.0,
cg04001726,chr12:112547043,12,112547043,NAA25,baseline eGFR,2.2522378144014885,0.1200583285925964,4.2500812414746367e-05,0.04877029901232853,1.0,
cg21500092,chr17:4245206,17,4245206,UBE2G1,baseline eGFR,2.7800181320730584,0.147635631312468,4.274399132780339e-05,0.04892027310629557,1.0,
cg13345299,chr22:26876075,22,26876075,HPS4;HPS4,baseline eGFR,4.779340448250459,0.24856817039216347,4.3039993718274326e-05,0.04912975744889042,1.0,
cg13296238,chr3:127323965,3,127323965,MCM2,baseline eGFR,2.6361654130625016,0.14014904193167504,4.324291038975719e-05,0.049141241273547784,1.0,
cg06753869,chr6:24667316,6,24667316,ACOT13;TTRAP;ACOT13;ACOT13;ACOT13,baseline eGFR,2.294351246945604,0.12226824633693636,4.33133999766349e-05,0.049141241273547784,1.0,
cg03164561,chr2:232396386,2,232396386,NMUR1,baseline eGFR,3.0759635333911244,0.16295226482646916,4.3494092133447295e-05,0.049141241273547784,1.0,
cg26336935,chr17:39769213,17,39769213,KRT16,baseline eGFR,2.367094296798031,0.12608358135518674,4.355300000735753e-05,0.049141241273547784,1.0,
cg25232795,chr5:150860100,5,150860100,SLC36A1,baseline eGFR,-4.0720415528420055,-0.21359658951900604,4.361501543220507e-05,0.049141241273547784,1.0,
